0,1,2,3,4,5,6,clustid,color,seq,pos,aa
-292.1145,775.09424,-1617.1959,-754.89624,-1607.501,1455.2981,692.43787,0,"(0.039656509199741174, 0.8421387177851403, 0.9015897353217941)",0,0,K
-1007.9917,604.35254,-1760.4241,-304.56308,-868.95154,595.97217,612.2466,0,"(0.039656509199741174, 0.8421387177851403, 0.9015897353217941)",0,1,A
593.5205,1539.4072,-1026.2754,-707.1816,-2358.5461,892.911,1414.3569,0,"(0.039656509199741174, 0.8421387177851403, 0.9015897353217941)",0,2,Y
-1531.1088,469.9961,-1868.7744,-210.48499,-441.16208,-215.01355,193.18239,0,"(0.039656509199741174, 0.8421387177851403, 0.9015897353217941)",0,3,A
2994.6812,3872.4875,-863.8398,-1397.1726,2168.3992,1442.0072,-93.6358,0,"(0.039656509199741174, 0.8421387177851403, 0.9015897353217941)",0,4,C
-1747.8568,163.93628,-1502.4178,293.44,-76.583496,-913.3596,354.36414,0,"(0.039656509199741174, 0.8421387177851403, 0.9015897353217941)",0,5,G
-1335.395,490.29712,-1083.5049,74.01178,10.878769,-885.55945,295.432,0,"(0.039656509199741174, 0.8421387177851403, 0.9015897353217941)",0,6,L
2634.0322,3220.189,37.368164,656.134,2344.8394,-870.0388,575.3176,0,"(0.039656509199741174, 0.8421387177851403, 0.9015897353217941)",0,7,C
-1216.7744,488.21814,-610.3392,868.2558,549.4155,-1878.6631,813.798,0,"(0.039656509199741174, 0.8421387177851403, 0.9015897353217941)",0,8,N
-1176.6086,228.49316,243.40564,934.55743,102.63057,-123.441345,844.3231,0,"(0.039656509199741174, 0.8421387177851403, 0.9015897353217941)",0,9,R
-1549.8519,245.81433,180.59204,1135.1772,218.58899,-1294.9581,424.3911,0,"(0.039656509199741174, 0.8421387177851403, 0.9015897353217941)",0,10,A
1706.2856,1717.5808,2551.017,869.9537,-1701.2188,-1272.7257,2370.2915,0,"(0.039656509199741174, 0.8421387177851403, 0.9015897353217941)",0,11,F
-1256.3846,-33.315857,1122.0035,1143.6763,229.66476,-294.29077,1151.2654,0,"(0.039656509199741174, 0.8421387177851403, 0.9015897353217941)",0,12,T
11.104248,279.84058,2217.6606,-135.07303,158.04611,1857.7756,210.64954,0,"(0.039656509199741174, 0.8421387177851403, 0.9015897353217941)",0,13,R
-1236.5188,-558.8351,942.9713,357.78296,755.1102,-108.43005,253.76466,0,"(0.039656509199741174, 0.8421387177851403, 0.9015897353217941)",0,14,R
-690.0811,-677.70044,1617.1432,854.46,157.13557,890.0812,935.5138,0,"(0.039656509199741174, 0.8421387177851403, 0.9015897353217941)",0,15,D
-623.71783,-951.352,1412.173,-341.73077,294.39896,906.5722,739.2098,0,"(0.039656509199741174, 0.8421387177851403, 0.9015897353217941)",0,16,L
1850.3762,307.06372,2477.0513,-2882.0017,-884.07764,-1679.4204,-524.0619,0,"(0.039656509199741174, 0.8421387177851403, 0.9015897353217941)",0,17,L
-1508.064,-836.2198,290.48352,-1281.721,724.6157,-602.1698,738.29004,0,"(0.039656509199741174, 0.8421387177851403, 0.9015897353217941)",0,18,I
-732.6247,-1334.322,961.3922,-841.98016,1019.9614,927.1195,945.1492,0,"(0.039656509199741174, 0.8421387177851403, 0.9015897353217941)",0,19,R
5745.4683,-2897.7676,-335.62415,1089.4509,161.93243,-363.2296,109.95862,0,"(0.039656509199741174, 0.8421387177851403, 0.9015897353217941)",0,20,H
-834.74615,-1220.4019,-335.0995,-1164.245,638.8685,-1289.2279,-28.968658,0,"(0.039656509199741174, 0.8421387177851403, 0.9015897353217941)",0,21,A
-1389.1691,-1126.8848,-438.14337,-1225.1125,666.90344,-658.62427,241.5644,0,"(0.039656509199741174, 0.8421387177851403, 0.9015897353217941)",0,22,Q
-1200.2487,-1292.708,-238.28137,-898.7344,714.47754,-335.86523,1599.0488,0,"(0.039656509199741174, 0.8421387177851403, 0.9015897353217941)",0,23,K
-1028.7544,-1355.614,-296.05664,-1070.867,887.0604,-847.4618,1516.9539,0,"(0.039656509199741174, 0.8421387177851403, 0.9015897353217941)",0,24,I
2604.857,-1705.9176,-922.15076,-63.090393,433.64062,-610.22534,1198.0916,0,"(0.039656509199741174, 0.8421387177851403, 0.9015897353217941)",0,25,H
-1646.9144,-1109.4077,-1278.1362,-802.53595,1035.4751,-1058.26,1269.5613,0,"(0.039656509199741174, 0.8421387177851403, 0.9015897353217941)",0,26,S
-1557.7711,-779.88715,-1307.8057,-1012.5393,739.8115,-830.76746,1366.5126,0,"(0.039656509199741174, 0.8421387177851403, 0.9015897353217941)",0,27,G
-1603.4023,-872.18243,-1648.6682,-1102.703,667.4165,-515.21277,1442.1963,0,"(0.039656509199741174, 0.8421387177851403, 0.9015897353217941)",0,28,N
-1239.8031,-671.6311,-1705.0432,-1310.1357,255.52722,-445.63562,1261.3314,0,"(0.039656509199741174, 0.8421387177851403, 0.9015897353217941)",0,29,L
-139.7085,758.0465,-1599.3018,-607.76514,-1679.7899,1396.1471,504.76898,1,"(0.38147303390415765, 0.5803850122406324, 0.8565964885017635)",1,0,K
-1014.1476,327.64746,-1729.0804,-253.52759,-1004.6085,851.6658,460.0874,1,"(0.38147303390415765, 0.5803850122406324, 0.8565964885017635)",1,1,K
746.8699,1417.4341,-753.6623,-613.80334,-2546.248,651.5237,1201.2402,1,"(0.38147303390415765, 0.5803850122406324, 0.8565964885017635)",1,2,F
-1533.7588,338.08923,-1811.0814,-91.847565,-618.9315,-256.93958,-157.28018,1,"(0.38147303390415765, 0.5803850122406324, 0.8565964885017635)",1,3,A
3092.066,3794.2185,-761.58026,-1507.0967,2036.2799,1410.9692,-384.93652,1,"(0.38147303390415765, 0.5803850122406324, 0.8565964885017635)",1,4,C
-1329.9084,189.89484,-1329.4325,443.79865,-74.43187,-820.9343,51.018494,1,"(0.38147303390415765, 0.5803850122406324, 0.8565964885017635)",1,5,P
-1537.2382,274.64343,-1507.8376,494.05548,-65.652084,-828.4569,-290.91058,1,"(0.38147303390415765, 0.5803850122406324, 0.8565964885017635)",1,6,E
2583.0015,2981.2312,143.29016,630.2712,2274.211,-749.7372,377.8142,1,"(0.38147303390415765, 0.5803850122406324, 0.8565964885017635)",1,7,C
-1053.2839,530.7035,-753.95636,1194.7983,335.3022,-1824.3984,306.1983,1,"(0.38147303390415765, 0.5803850122406324, 0.8565964885017635)",1,8,P
-867.89136,461.36304,266.66394,1124.3213,-463.0101,136.46094,242.8753,1,"(0.38147303390415765, 0.5803850122406324, 0.8565964885017635)",1,9,K
-1415.5426,208.09692,168.26147,1227.5664,375.68103,-624.6555,-63.64154,1,"(0.38147303390415765, 0.5803850122406324, 0.8565964885017635)",1,10,R
2107.336,1676.2974,2473.8408,1049.3914,-1857.3904,-1277.4243,2037.1067,1,"(0.38147303390415765, 0.5803850122406324, 0.8565964885017635)",1,11,F
-1502.3357,-329.42108,883.4581,855.98895,-96.04683,119.16345,354.86017,1,"(0.38147303390415765, 0.5803850122406324, 0.8565964885017635)",1,12,M
419.6377,490.4132,2874.8848,-441.63705,-135.10822,1763.2188,-402.14008,1,"(0.38147303390415765, 0.5803850122406324, 0.8565964885017635)",1,13,R
-1300.4834,-315.1588,1522.6608,876.41437,629.1195,-4.258911,-90.29187,1,"(0.38147303390415765, 0.5803850122406324, 0.8565964885017635)",1,14,S
-533.87354,-626.68097,1910.0211,862.59686,-92.97185,1475.4191,674.7559,1,"(0.38147303390415765, 0.5803850122406324, 0.8565964885017635)",1,15,D
837.5593,-1398.2117,1593.2428,522.43695,496.54822,1570.7886,320.71902,1,"(0.38147303390415765, 0.5803850122406324, 0.8565964885017635)",1,16,H
1985.8528,706.2932,2691.8457,-2866.0803,-801.9075,-1564.1589,-777.0483,1,"(0.38147303390415765, 0.5803850122406324, 0.8565964885017635)",1,17,L
-1544.5386,-1076.0869,717.6315,-382.06894,889.96533,-449.6161,483.43683,1,"(0.38147303390415765, 0.5803850122406324, 0.8565964885017635)",1,18,S
-969.85126,-1201.0065,1033.8304,-432.98425,483.91193,1242.8298,919.5792,1,"(0.38147303390415765, 0.5803850122406324, 0.8565964885017635)",1,19,K
6923.3726,-3602.8584,-549.7207,1314.5713,52.62034,-281.16467,-264.20215,1,"(0.38147303390415765, 0.5803850122406324, 0.8565964885017635)",1,20,H
-851.1411,-919.28394,346.35754,-1908.0195,387.65704,-1898.3357,-551.42847,1,"(0.38147303390415765, 0.5803850122406324, 0.8565964885017635)",1,21,I
-1206.1494,-1217.1498,-393.5359,-827.78406,526.2575,-193.76648,906.3368,1,"(0.38147303390415765, 0.5803850122406324, 0.8565964885017635)",1,22,K
-1096.9331,-1209.3113,-56.440186,-1036.4753,1030.586,-625.57654,1135.4854,1,"(0.38147303390415765, 0.5803850122406324, 0.8565964885017635)",1,23,T
4156.0234,-2699.6216,-1132.244,315.82153,191.70709,-681.0692,643.3734,1,"(0.38147303390415765, 0.5803850122406324, 0.8565964885017635)",1,24,H
-1549.5183,-1349.6106,-1179.7643,-941.15717,678.2355,-945.59546,676.48376,1,"(0.38147303390415765, 0.5803850122406324, 0.8565964885017635)",1,25,Q
-1397.2511,-1072.3569,-1339.2808,-911.7606,881.5043,-727.48816,1215.3268,1,"(0.38147303390415765, 0.5803850122406324, 0.8565964885017635)",1,26,N
-1238.5732,-917.0425,-1486.9209,-954.0596,326.6081,-356.14783,1114.0874,1,"(0.38147303390415765, 0.5803850122406324, 0.8565964885017635)",1,27,K
-1082.9021,-792.9823,-1702.8557,-1013.4806,257.24573,-219.35645,1055.704,1,"(0.38147303390415765, 0.5803850122406324, 0.8565964885017635)",1,28,K
-447.79675,116.48627,-1650.3717,-1026.5352,-1500.0415,699.50305,938.53284,2,"(0.8340699619285139, 0.6737376007642026, 0.7338571682168332)",2,0,F
-1222.7964,-8.701233,-1854.0995,-921.81793,-564.5707,397.69623,818.61914,2,"(0.8340699619285139, 0.6737376007642026, 0.7338571682168332)",2,1,T
-829.348,-653.21295,-2018.1443,-421.50076,-596.3916,524.2651,662.9501,2,"(0.8340699619285139, 0.6737376007642026, 0.7338571682168332)",2,2,K
-1665.4974,-371.1556,-1768.6677,-499.11673,25.025627,-9.0651245,607.3158,2,"(0.8340699619285139, 0.6737376007642026, 0.7338571682168332)",2,3,E
-1297.568,-196.6352,-1404.6289,-128.33987,82.34079,-79.47626,1181.6218,2,"(0.8340699619285139, 0.6737376007642026, 0.7338571682168332)",2,4,G
-1889.2131,-275.50702,-1608.687,-262.67093,-21.190262,-129.3341,710.4048,2,"(0.8340699619285139, 0.6737376007642026, 0.7338571682168332)",2,5,E
-1382.0684,-239.28534,-1362.17,-398.7475,-103.49324,501.80762,794.979,2,"(0.8340699619285139, 0.6737376007642026, 0.7338571682168332)",2,6,H
-1640.8619,-20.081177,-1317.4445,-260.1065,-273.827,-79.89697,1021.4109,2,"(0.8340699619285139, 0.6737376007642026, 0.7338571682168332)",2,7,T
202.41284,1053.6233,-874.08704,-706.3774,-1825.8373,828.383,1460.2278,2,"(0.8340699619285139, 0.6737376007642026, 0.7338571682168332)",2,8,Y
-1582.1871,183.36017,-1578.5874,-281.13852,-183.05685,-89.207214,229.13622,2,"(0.8340699619285139, 0.6737376007642026, 0.7338571682168332)",2,9,R
3044.9927,3713.4172,-706.4786,-1419.1699,2119.3323,1300.1934,-118.882965,2,"(0.8340699619285139, 0.6737376007642026, 0.7338571682168332)",2,10,C
-1630.7179,-24.020325,-1425.8572,97.853455,-130.42682,-406.4756,550.13416,2,"(0.8340699619285139, 0.6737376007642026, 0.7338571682168332)",2,11,K
-1472.3176,476.18237,-1241.0205,-36.131714,233.68137,-912.02576,496.73608,2,"(0.8340699619285139, 0.6737376007642026, 0.7338571682168332)",2,12,V
2605.0415,3104.4827,-111.17688,577.4318,2322.7717,-765.7051,715.16724,2,"(0.8340699619285139, 0.6737376007642026, 0.7338571682168332)",2,13,C
-1009.2117,408.09412,-494.83105,870.16425,641.7041,-2170.0166,972.7122,2,"(0.8340699619285139, 0.6737376007642026, 0.7338571682168332)",2,14,S
-1036.2058,189.72357,211.14111,758.18634,116.430466,-76.279175,1094.0388,2,"(0.8340699619285139, 0.6737376007642026, 0.7338571682168332)",2,15,R
-1522.5676,221.46625,-11.716675,577.1629,469.24728,-1380.5527,697.8792,2,"(0.8340699619285139, 0.6737376007642026, 0.7338571682168332)",2,16,V
924.4497,1163.1062,1798.764,741.7546,-1291.2039,-683.32886,2221.6743,2,"(0.8340699619285139, 0.6737376007642026, 0.7338571682168332)",2,17,Y
-1426.8203,-235.95117,877.83606,1172.4954,366.4195,-167.8786,1384.6519,2,"(0.8340699619285139, 0.6737376007642026, 0.7338571682168332)",2,18,T
-489.9756,-355.46683,1434.9718,129.2536,63.651447,1490.2056,597.50543,2,"(0.8340699619285139, 0.6737376007642026, 0.7338571682168332)",2,19,H
-1489.3535,-469.9843,856.4945,-22.78772,704.7987,-361.24036,761.1532,2,"(0.8340699619285139, 0.6737376007642026, 0.7338571682168332)",2,20,I
-1006.76044,-420.74164,1831.8766,474.50287,481.71188,843.9458,1119.2095,2,"(0.8340699619285139, 0.6737376007642026, 0.7338571682168332)",2,21,S
-336.12097,-836.54846,1750.7667,308.72223,417.77792,1434.2559,981.6759,2,"(0.8340699619285139, 0.6737376007642026, 0.7338571682168332)",2,22,N
816.9712,-153.99438,2135.4927,-2432.37,-997.59314,-1007.7733,-264.33887,2,"(0.8340699619285139, 0.6737376007642026, 0.7338571682168332)",2,23,F
-1405.5619,-924.85754,528.81946,-984.27356,1112.5299,-107.263,591.39526,2,"(0.8340699619285139, 0.6737376007642026, 0.7338571682168332)",2,24,C
-971.9495,-1232.9812,1155.3854,-728.7342,1007.33936,1140.4729,1258.9432,2,"(0.8340699619285139, 0.6737376007642026, 0.7338571682168332)",2,25,R
5346.823,-3023.0312,-331.02966,1128.0562,139.13255,-170.68268,121.353485,2,"(0.8340699619285139, 0.6737376007642026, 0.7338571682168332)",2,26,H
-392.1516,-995.0728,123.381836,-1316.9111,191.24002,-965.4468,322.60107,2,"(0.8340699619285139, 0.6737376007642026, 0.7338571682168332)",2,27,Y
-1721.6476,-1182.9958,-250.14075,-1556.1079,830.8865,-1041.2769,909.61304,2,"(0.8340699619285139, 0.6737376007642026, 0.7338571682168332)",2,28,V
-1413.385,-1304.9727,-140.66833,-1017.52527,1061.8182,-565.46484,1688.9473,2,"(0.8340699619285139, 0.6737376007642026, 0.7338571682168332)",2,29,T
-1026.0342,-1565.6162,-385.57837,-1014.9198,1025.9333,-647.24585,1631.0769,2,"(0.8340699619285139, 0.6737376007642026, 0.7338571682168332)",2,30,S
2090.2576,-1831.7943,-1090.7761,-306.50388,445.3576,-680.12085,1339.7799,2,"(0.8340699619285139, 0.6737376007642026, 0.7338571682168332)",2,31,H
-1498.0996,-1118.3947,-1644.4011,-1269.0088,526.3992,-475.1859,1260.0791,2,"(0.8340699619285139, 0.6737376007642026, 0.7338571682168332)",2,32,K
-1110.7793,-823.06494,-1787.6692,-1439.0349,651.329,-272.12946,1401.1831,2,"(0.8340699619285139, 0.6737376007642026, 0.7338571682168332)",2,33,R
1190.2244,1735.7236,-1629.4972,-630.0929,-3058.049,1683.3127,580.0109,3,"(0.26014981750545285, 0.8643817591706999, 0.304853980970589)",3,0,Y
-812.5218,781.09753,-2350.5361,180.17163,-1703.6118,838.1428,-1842.5991,3,"(0.26014981750545285, 0.8643817591706999, 0.304853980970589)",3,1,E
3190.6938,4079.9822,-1039.7539,-1421.0841,1907.5396,1433.791,-714.87115,3,"(0.26014981750545285, 0.8643817591706999, 0.304853980970589)",3,2,C
-1699.9369,209.99194,-1742.8263,886.0522,-463.1047,-574.6813,-1245.0803,3,"(0.26014981750545285, 0.8643817591706999, 0.304853980970589)",3,3,G
-943.49866,677.2876,-1599.8765,1309.3503,-841.48584,-139.65039,-1776.7659,3,"(0.26014981750545285, 0.8643817591706999, 0.304853980970589)",3,4,E
2536.272,3308.3381,-160.5282,827.2248,2174.4397,-377.80823,-381.75238,3,"(0.26014981750545285, 0.8643817591706999, 0.304853980970589)",3,5,C
215.55774,1333.3049,-211.6803,1687.0369,-37.998642,-1993.1411,-119.3746,3,"(0.26014981750545285, 0.8643817591706999, 0.304853980970589)",3,6,G
-359.42688,853.255,416.5725,1552.3909,-1151.5884,628.2946,-992.9539,3,"(0.26014981750545285, 0.8643817591706999, 0.304853980970589)",3,7,K
-1517.6018,378.1538,201.99133,1797.7793,143.84341,-622.11255,-1668.5503,3,"(0.26014981750545285, 0.8643817591706999, 0.304853980970589)",3,8,S
1863.6646,2003.1187,2591.187,1123.5681,-1924.5576,-1177.0242,1252.4949,3,"(0.26014981750545285, 0.8643817591706999, 0.304853980970589)",3,9,F
-1204.4795,-195.67828,1176.7128,1747.0608,123.75931,616.18,-710.61615,3,"(0.26014981750545285, 0.8643817591706999, 0.304853980970589)",3,10,S
-245.78528,42.748413,2337.8813,-105.726654,-729.589,1768.5497,-2090.3433,3,"(0.26014981750545285, 0.8643817591706999, 0.304853980970589)",3,11,Q
-1265.8978,-81.72107,1511.0284,1250.2898,589.03455,275.6455,-1515.1843,3,"(0.26014981750545285, 0.8643817591706999, 0.304853980970589)",3,12,S
-941.5095,-460.93228,1996.8549,947.6445,225.03064,1421.459,-313.24255,3,"(0.26014981750545285, 0.8643817591706999, 0.304853980970589)",3,13,S
1065.1665,-2058.289,1091.2367,1023.3383,304.24103,1879.397,-625.9521,3,"(0.26014981750545285, 0.8643817591706999, 0.304853980970589)",3,14,H
2346.1296,514.05615,2704.0498,-2961.9285,-1460.0753,-1676.1687,-1581.8203,3,"(0.26014981750545285, 0.8643817591706999, 0.304853980970589)",3,15,L
-1433.3953,-894.8253,391.02356,-464.16022,332.1465,-111.42328,-817.8527,3,"(0.26014981750545285, 0.8643817591706999, 0.304853980970589)",3,16,T
-458.37048,-1351.6125,873.6129,-1001.25616,493.2562,1590.4502,-201.94666,3,"(0.26014981750545285, 0.8643817591706999, 0.304853980970589)",3,17,R
5952.5537,-3201.6895,-1305.9474,640.40704,-335.06085,8.488525,-481.57416,3,"(0.26014981750545285, 0.8643817591706999, 0.304853980970589)",3,18,H
1091.9021,1687.7849,-1765.1354,-722.96747,-3011.8079,1636.4166,857.3615,4,"(0.5682983651038391, 0.015340315627570322, 0.3704346163683031)",4,0,Y
-1369.6029,524.282,-2305.3325,-155.67612,-1346.9562,479.59747,-1262.6914,4,"(0.5682983651038391, 0.015340315627570322, 0.3704346163683031)",4,1,L
2865.5898,3818.5266,-1102.3364,-1406.1019,1886.8202,1375.2441,-404.53613,4,"(0.5682983651038391, 0.015340315627570322, 0.3704346163683031)",4,2,C
-1663.6857,202.23297,-1742.6111,699.894,-368.60376,-732.52686,-626.98047,4,"(0.5682983651038391, 0.015340315627570322, 0.3704346163683031)",4,3,G
-1276.056,464.05627,-1780.1261,716.4017,-734.688,104.73926,-1016.9416,4,"(0.5682983651038391, 0.015340315627570322, 0.3704346163683031)",4,4,K
2416.2969,3260.9365,-242.26367,764.54913,2315.5498,-472.73914,-20.102783,4,"(0.5682983651038391, 0.015340315627570322, 0.3704346163683031)",4,5,C
-77.70288,1237.4855,-261.73633,1443.594,37.218018,-2092.8972,267.51126,4,"(0.5682983651038391, 0.015340315627570322, 0.3704346163683031)",4,6,G
-709.0529,621.29065,332.6958,1354.4609,-711.625,348.55725,-120.58124,4,"(0.5682983651038391, 0.015340315627570322, 0.3704346163683031)",4,7,K
-1526.0895,408.20728,192.45386,1735.9106,189.185,-842.28455,-1118.4192,4,"(0.5682983651038391, 0.015340315627570322, 0.3704346163683031)",4,8,S
1587.0251,1920.8052,2412.712,961.32697,-1836.4714,-1182.1644,1654.9639,4,"(0.5682983651038391, 0.015340315627570322, 0.3704346163683031)",4,9,F
-1167.8076,14.10321,1119.3749,1684.1064,190.79831,341.6293,272.72598,4,"(0.5682983651038391, 0.015340315627570322, 0.3704346163683031)",4,10,S
-531.65295,-34.446533,2085.1357,61.322998,-385.62415,1779.2245,-700.8232,4,"(0.5682983651038391, 0.015340315627570322, 0.3704346163683031)",4,11,Q
-1242.1948,-363.30887,1017.4535,876.0219,182.54369,183.99146,-748.0556,4,"(0.5682983651038391, 0.015340315627570322, 0.3704346163683031)",4,12,K
-1310.5498,-594.3308,1563.8944,703.5561,283.08124,1030.3999,284.36865,4,"(0.5682983651038391, 0.015340315627570322, 0.3704346163683031)",4,13,P
-437.6311,-886.75916,1938.1832,348.28436,562.6504,1857.8623,543.1948,4,"(0.5682983651038391, 0.015340315627570322, 0.3704346163683031)",4,14,N
2397.3157,712.5156,3005.437,-3165.2842,-1384.9921,-1591.7112,-1257.6497,4,"(0.5682983651038391, 0.015340315627570322, 0.3704346163683031)",4,15,L
-1730.4613,-957.13214,469.67212,-756.44104,524.98846,-652.021,-611.86676,4,"(0.5682983651038391, 0.015340315627570322, 0.3704346163683031)",4,16,A
-903.5387,-1364.106,1119.4191,-825.6765,890.0939,1633.4089,605.39966,4,"(0.5682983651038391, 0.015340315627570322, 0.3704346163683031)",4,17,R
6996.3247,-4004.2795,-953.0457,1374.0957,-126.785034,228.91687,-575.4619,4,"(0.5682983651038391, 0.015340315627570322, 0.3704346163683031)",4,18,H
-1054.0933,-1398.2513,-98.78613,-1509.6628,-53.79106,-904.21594,-2698.667,4,"(0.5682983651038391, 0.015340315627570322, 0.3704346163683031)",4,19,Q
-1288.3379,-1204.2772,-592.8177,-972.48096,754.7329,138.20734,91.58942,4,"(0.5682983651038391, 0.015340315627570322, 0.3704346163683031)",4,20,R
-742.0798,-1723.5364,-706.7973,-1146.0422,650.36743,164.43048,668.58795,4,"(0.5682983651038391, 0.015340315627570322, 0.3704346163683031)",4,21,H
2673.2705,-2127.4468,-1514.6724,-410.05014,-24.860687,-411.26,517.3496,4,"(0.5682983651038391, 0.015340315627570322, 0.3704346163683031)",4,22,H
840.8025,1545.4641,-1754.4133,-886.13904,-3050.4487,1384.5447,900.5544,5,"(0.09718057382233669, 0.9451098772837181, 0.6792176863989678)",5,0,Y
-1206.6022,745.9791,-2139.2178,-271.62827,-1060.5872,431.83612,-599.9701,5,"(0.09718057382233669, 0.9451098772837181, 0.6792176863989678)",5,1,T
3053.1978,3819.5593,-1067.6597,-1391.5424,1835.5989,1402.3408,-219.28406,5,"(0.09718057382233669, 0.9451098772837181, 0.6792176863989678)",5,2,C
-1679.1066,-45.125183,-1669.9099,504.0169,-490.2728,-282.27625,-909.1954,5,"(0.09718057382233669, 0.9451098772837181, 0.6792176863989678)",5,3,Q
-1593.2133,419.0852,-1775.3403,501.88837,-437.58182,11.644775,-765.22943,5,"(0.09718057382233669, 0.9451098772837181, 0.6792176863989678)",5,4,K
2485.4263,3202.746,-100.250244,652.52484,2188.9192,-569.11316,175.866,5,"(0.09718057382233669, 0.9451098772837181, 0.6792176863989678)",5,5,C
89.68872,1101.4291,-291.37708,1337.019,42.6977,-2044.1978,378.93372,5,"(0.09718057382233669, 0.9451098772837181, 0.6792176863989678)",5,6,G
-536.806,539.64,281.90454,1194.7341,-690.93567,353.72153,8.679108,5,"(0.09718057382233669, 0.9451098772837181, 0.6792176863989678)",5,7,K
-1687.2902,259.18982,-110.54578,1191.1636,229.07642,-696.0094,-534.43146,5,"(0.09718057382233669, 0.9451098772837181, 0.6792176863989678)",5,8,N
1528.5908,1665.2842,2228.247,800.1457,-1719.9271,-1324.1995,1700.1687,5,"(0.09718057382233669, 0.9451098772837181, 0.6792176863989678)",5,9,F
-1333.0701,-211.67676,649.31555,1082.3691,197.77841,814.5097,507.85834,5,"(0.09718057382233669, 0.9451098772837181, 0.6792176863989678)",5,10,R
-601.1666,-346.14307,1405.5021,307.57867,38.3758,1392.1718,-32.247253,5,"(0.09718057382233669, 0.9451098772837181, 0.6792176863989678)",5,11,H
-1658.4701,-321.14258,693.74304,717.76056,511.5604,-699.599,-334.02356,5,"(0.09718057382233669, 0.9451098772837181, 0.6792176863989678)",5,12,A
-1295.645,-518.3992,1369.7277,377.2945,372.58206,1350.5105,834.92566,5,"(0.09718057382233669, 0.9451098772837181, 0.6792176863989678)",5,13,R
-619.2084,-922.7411,1409.278,290.45575,681.2047,1335.2932,541.4977,5,"(0.09718057382233669, 0.9451098772837181, 0.6792176863989678)",5,14,N
2087.303,762.8179,2890.1597,-2970.487,-1238.2196,-1506.4609,-1116.8342,5,"(0.09718057382233669, 0.9451098772837181, 0.6792176863989678)",5,15,L
-1864.628,-955.87634,376.1726,-288.0978,616.28735,-462.77258,-84.01291,5,"(0.09718057382233669, 0.9451098772837181, 0.6792176863989678)",5,16,A
-1495.1262,-1084.632,860.9337,-620.722,808.3137,817.27936,743.5226,5,"(0.09718057382233669, 0.9451098772837181, 0.6792176863989678)",5,17,A
7172.1177,-3800.6377,-792.5112,1575.2119,-171.64743,-27.396973,-476.6759,5,"(0.09718057382233669, 0.9451098772837181, 0.6792176863989678)",5,18,H
-1011.55176,-1036.5789,294.07605,-1759.4751,29.585129,-1286.4524,-1668.5093,5,"(0.09718057382233669, 0.9451098772837181, 0.6792176863989678)",5,19,M
-975.4539,-1057.9723,-348.84082,-910.0193,578.13745,190.78229,307.40454,5,"(0.09718057382233669, 0.9451098772837181, 0.6792176863989678)",5,20,R
-866.291,-1166.168,-427.872,-1404.431,533.9866,-103.82666,601.9787,5,"(0.09718057382233669, 0.9451098772837181, 0.6792176863989678)",5,21,I
3518.6685,-2366.7212,-1477.8427,-122.70764,-73.77278,-427.5398,453.46152,5,"(0.09718057382233669, 0.9451098772837181, 0.6792176863989678)",5,22,H
1077.0398,1750.3152,-1609.5498,-644.3771,-3084.4668,1687.9822,855.8176,6,"(0.5084658800493732, 0.5204365817487756, 0.8530345455300784)",6,0,Y
-1409.4148,746.8301,-2186.5383,-37.909546,-1386.4587,628.80023,-1584.8142,6,"(0.5084658800493732, 0.5204365817487756, 0.8530345455300784)",6,1,V
3039.038,3878.263,-1034.7517,-1464.6337,1811.6298,1482.0536,-576.1778,6,"(0.5084658800493732, 0.5204365817487756, 0.8530345455300784)",6,2,C
-1666.7992,257.93652,-1364.0885,759.45526,-339.81915,-273.94458,-1082.708,6,"(0.5084658800493732, 0.5204365817487756, 0.8530345455300784)",6,3,S
-1274.6067,628.66833,-1665.8256,1077.4973,-455.12125,-251.02966,-1350.2244,6,"(0.5084658800493732, 0.5204365817487756, 0.8530345455300784)",6,4,D
2355.8298,3267.253,-178.943,774.8494,2235.7183,-480.08875,-149.32663,6,"(0.5084658800493732, 0.5204365817487756, 0.8530345455300784)",6,5,C
122.7074,1393.9487,-262.32642,1472.532,143.33449,-2026.7656,52.898712,6,"(0.5084658800493732, 0.5204365817487756, 0.8530345455300784)",6,6,G
-714.72705,771.39185,406.11816,1500.8086,-772.85767,416.48816,-490.28815,6,"(0.5084658800493732, 0.5204365817487756, 0.8530345455300784)",6,7,K
-1521.4904,470.37744,-31.564331,1531.4441,-172.64172,-930.3384,-1126.435,6,"(0.5084658800493732, 0.5204365817487756, 0.8530345455300784)",6,8,A
1804.9666,2161.1467,2613.586,1100.406,-1925.0986,-1344.5955,1503.6501,6,"(0.5084658800493732, 0.5204365817487756, 0.8530345455300784)",6,9,F
-1386.2726,21.799011,908.8063,1716.2246,305.17993,401.68323,-384.85687,6,"(0.5084658800493732, 0.5204365817487756, 0.8530345455300784)",6,10,S
-465.2932,-103.11182,1901.1483,169.03705,-412.23312,1917.7672,-1076.228,6,"(0.5084658800493732, 0.5204365817487756, 0.8530345455300784)",6,11,Q
-1265.1655,-337.7764,957.7645,1136.9949,138.60815,382.23334,-1180.0444,6,"(0.5084658800493732, 0.5204365817487756, 0.8530345455300784)",6,12,K
-995.271,-207.37811,2054.8403,1084.3411,256.17535,1160.7169,-125.65152,6,"(0.5084658800493732, 0.5204365817487756, 0.8530345455300784)",6,13,S
-857.36084,-1102.5431,1440.0314,329.4284,369.70703,1485.6514,180.83824,6,"(0.5084658800493732, 0.5204365817487756, 0.8530345455300784)",6,14,V
2185.0334,633.5338,2774.4497,-3048.1912,-1363.7745,-1423.4417,-1415.0183,6,"(0.5084658800493732, 0.5204365817487756, 0.8530345455300784)",6,15,L
-1571.6501,-942.4128,642.2257,-465.58124,442.62137,-280.44324,-550.4908,6,"(0.5084658800493732, 0.5204365817487756, 0.8530345455300784)",6,16,T
-1365.5747,-1292.5344,903.2294,-710.5753,803.2826,1011.39233,447.4114,6,"(0.5084658800493732, 0.5204365817487756, 0.8530345455300784)",6,17,T
7240.6587,-3822.3442,-942.4528,1521.6846,-161.73206,180.5163,-764.1174,6,"(0.5084658800493732, 0.5204365817487756, 0.8530345455300784)",6,18,H
-1058.3638,-1329.5203,-54.80847,-1566.0664,200.06369,-760.1315,-2407.9827,6,"(0.5084658800493732, 0.5204365817487756, 0.8530345455300784)",6,19,R
-695.5979,-1044.4164,-156.34155,-876.5797,491.08868,182.56628,-173.68713,6,"(0.5084658800493732, 0.5204365817487756, 0.8530345455300784)",6,20,R
-816.26184,-1162.1509,-477.79065,-1350.5042,440.2612,-181.39966,173.00462,6,"(0.5084658800493732, 0.5204365817487756, 0.8530345455300784)",6,21,I
3691.0605,-2277.4534,-1459.4281,-91.883514,-185.36978,-351.97803,333.2911,6,"(0.5084658800493732, 0.5204365817487756, 0.8530345455300784)",6,22,H
1219.074,1631.5818,-1574.1055,-592.31726,-3067.1606,1756.0784,553.1601,7,"(0.4761428307505683, 0.9198793598990764, 0.5305250648318852)",7,0,Y
-1089.218,390.65967,-2081.7346,28.316467,-1417.4125,885.57874,-2185.0244,7,"(0.4761428307505683, 0.9198793598990764, 0.5305250648318852)",7,1,Q
2875.2314,3814.7517,-1014.9929,-1396.1785,1707.6956,1366.7439,-708.0079,7,"(0.4761428307505683, 0.9198793598990764, 0.5305250648318852)",7,2,C
-1504.8793,253.51514,-1480.23,866.158,-464.0756,-99.00409,-1219.9331,7,"(0.4761428307505683, 0.9198793598990764, 0.5305250648318852)",7,3,N
-1233.8298,568.68774,-1620.4636,1243.7158,-473.73898,-333.516,-1565.1748,7,"(0.4761428307505683, 0.9198793598990764, 0.5305250648318852)",7,4,D
2662.3032,3486.2463,-126.98291,738.5683,2157.6238,-408.1975,-247.81903,7,"(0.4761428307505683, 0.9198793598990764, 0.5305250648318852)",7,5,C
163.17786,1417.7952,-222.91711,1601.698,53.15339,-1965.876,-124.87222,7,"(0.4761428307505683, 0.9198793598990764, 0.5305250648318852)",7,6,G
-469.40454,778.2363,483.12903,1761.1277,-1015.197,517.3111,-726.123,7,"(0.4761428307505683, 0.9198793598990764, 0.5305250648318852)",7,7,K
-1289.179,666.30237,262.93274,1512.344,-318.94598,-893.1813,-1394.366,7,"(0.4761428307505683, 0.9198793598990764, 0.5305250648318852)",7,8,A
2040.2097,2233.66,2968.3696,787.02594,-2152.948,-1581.0073,1230.5938,7,"(0.4761428307505683, 0.9198793598990764, 0.5305250648318852)",7,9,F
-1477.2429,54.679504,1011.8246,1800.3525,263.93738,250.15512,-653.96423,7,"(0.4761428307505683, 0.9198793598990764, 0.5305250648318852)",7,10,S
-666.7155,-425.7309,1572.0797,549.326,91.18435,2066.329,-570.4965,7,"(0.4761428307505683, 0.9198793598990764, 0.5305250648318852)",7,11,H
-1169.1796,-708.9015,1011.089,1047.6008,509.27884,360.97583,-1589.3296,7,"(0.4761428307505683, 0.9198793598990764, 0.5305250648318852)",7,12,H
-1013.0199,-230.1101,2169.8486,1167.4343,216.8031,1014.7119,-438.6989,7,"(0.4761428307505683, 0.9198793598990764, 0.5305250648318852)",7,13,S
-1062.7798,-1102.9839,1760.0121,452.61285,631.6025,1304.6731,229.72064,7,"(0.4761428307505683, 0.9198793598990764, 0.5305250648318852)",7,14,T
2481.3003,699.8367,3244.3853,-3118.3455,-1475.8499,-1715.8894,-1520.8484,7,"(0.4761428307505683, 0.9198793598990764, 0.5305250648318852)",7,15,L
-1380.0463,-856.5174,909.12683,-755.1012,283.94263,-388.65747,-752.528,7,"(0.4761428307505683, 0.9198793598990764, 0.5305250648318852)",7,16,I
-1547.4889,-1216.8346,981.77893,-548.5927,982.27136,1361.8843,289.36484,7,"(0.4761428307505683, 0.9198793598990764, 0.5305250648318852)",7,17,N
7531.738,-4011.6458,-1015.98914,1760.5974,-193.6789,409.2443,-827.7211,7,"(0.4761428307505683, 0.9198793598990764, 0.5305250648318852)",7,18,H
-447.37744,-1206.1233,418.9331,-1180.4105,-119.82898,-772.7334,-3272.8435,7,"(0.4761428307505683, 0.9198793598990764, 0.5305250648318852)",7,19,Q
-564.4054,-907.4437,-73.66016,-819.0596,450.87085,123.26721,-486.0041,7,"(0.4761428307505683, 0.9198793598990764, 0.5305250648318852)",7,20,R
-785.4973,-1056.6895,-497.26794,-1289.3656,353.56757,-228.47589,10.693756,7,"(0.4761428307505683, 0.9198793598990764, 0.5305250648318852)",7,21,I
3490.186,-2130.3374,-1432.4352,-105.19635,-225.74628,-271.74292,279.08597,7,"(0.4761428307505683, 0.9198793598990764, 0.5305250648318852)",7,22,H
790.63525,1719.5452,-1631.8135,-694.1441,-3149.423,1413.4504,719.57434,8,"(0.8957717483071107, 0.6970606256609876, 0.8174139140598699)",8,0,F
-1450.2949,687.3252,-2380.2476,-46.673706,-1200.341,430.66876,-1384.9568,8,"(0.8957717483071107, 0.6970606256609876, 0.8174139140598699)",8,1,V
2894.0957,3918.7522,-1212.8088,-1381.1221,1749.3165,1439.4678,-489.55878,8,"(0.8957717483071107, 0.6970606256609876, 0.8174139140598699)",8,2,C
-1802.4038,307.67957,-1743.4177,749.0048,-282.851,-699.7141,-789.09576,8,"(0.8957717483071107, 0.6970606256609876, 0.8174139140598699)",8,3,G
-1405.9385,748.28235,-1716.4409,1062.9609,-327.17715,-404.9491,-1239.53,8,"(0.8957717483071107, 0.6970606256609876, 0.8174139140598699)",8,4,D
2352.1328,3285.3984,-221.17761,925.6668,2048.0852,-491.95825,-76.1387,8,"(0.8957717483071107, 0.6970606256609876, 0.8174139140598699)",8,5,C
-111.801636,1356.144,-351.77832,1492.7083,19.777016,-2096.2395,172.04916,8,"(0.8957717483071107, 0.6970606256609876, 0.8174139140598699)",8,6,G
-625.8909,878.855,256.83203,1269.064,-745.5504,460.63364,-241.04333,8,"(0.8957717483071107, 0.6970606256609876, 0.8174139140598699)",8,7,K
-1590.8782,528.39197,43.93982,1600.7063,231.51608,-766.3412,-1107.3313,8,"(0.8957717483071107, 0.6970606256609876, 0.8174139140598699)",8,8,S
620.91895,1365.4302,1669.0895,950.6668,-1518.9619,-207.24908,1232.6487,8,"(0.8957717483071107, 0.6970606256609876, 0.8174139140598699)",8,9,Y
-1635.3601,-30.383911,648.1527,1518.5256,-78.80208,-128.37787,33.203644,8,"(0.8957717483071107, 0.6970606256609876, 0.8174139140598699)",8,10,A
-649.5928,93.25989,1770.0507,-376.16693,-319.99603,1627.9927,-165.18695,8,"(0.8957717483071107, 0.6970606256609876, 0.8174139140598699)",8,11,Y
-1420.3729,-421.32266,968.8385,832.5319,456.20795,61.44287,-1182.5693,8,"(0.8957717483071107, 0.6970606256609876, 0.8174139140598699)",8,12,R
-1263.1276,-330.7751,1701.6925,945.44196,328.76593,1271.1068,-169.8905,8,"(0.8957717483071107, 0.6970606256609876, 0.8174139140598699)",8,13,S
282.07495,-1861.6624,1363.8207,880.35626,685.7814,1654.528,71.17047,8,"(0.8957717483071107, 0.6970606256609876, 0.8174139140598699)",8,14,H
1063.2146,154.90271,2626.0063,-2896.0317,-1388.7393,-1261.5717,-1328.1558,8,"(0.8957717483071107, 0.6970606256609876, 0.8174139140598699)",8,15,F
-1613.5146,-958.45215,613.2533,-1079.8473,282.9424,-376.10352,-491.66516,8,"(0.8957717483071107, 0.6970606256609876, 0.8174139140598699)",8,16,I
-1401.4238,-1097.665,904.93884,-1210.4305,842.2743,803.7604,674.4873,8,"(0.8957717483071107, 0.6970606256609876, 0.8174139140598699)",8,17,I
7250.8296,-4034.6643,-1100.0227,1564.2129,-72.91098,325.86407,-589.6781,8,"(0.8957717483071107, 0.6970606256609876, 0.8174139140598699)",8,18,H
-829.39386,-1200.0027,116.39514,-1328.6755,-145.55289,-788.73303,-2770.682,8,"(0.8957717483071107, 0.6970606256609876, 0.8174139140598699)",8,19,Q
-729.15,-1016.4443,-356.9607,-866.0333,509.09787,3.4786377,-291.5993,8,"(0.8957717483071107, 0.6970606256609876, 0.8174139140598699)",8,20,R
-1162.9331,-1224.9874,-724.1031,-1129.818,559.51215,-210.245,207.19891,8,"(0.8957717483071107, 0.6970606256609876, 0.8174139140598699)",8,21,S
3096.1128,-2123.811,-1511.8308,-268.16986,-210.21509,-292.03247,478.52795,8,"(0.8957717483071107, 0.6970606256609876, 0.8174139140598699)",8,22,H
924.2024,1774.2273,-1651.8927,-751.66705,-3051.1267,1653.7168,858.43225,9,"(0.24830215360269248, 0.4111333252707371, 0.2759863347000211)",9,0,Y
-1282.97,732.5054,-2385.4998,-30.341003,-1320.1821,497.549,-1312.8201,9,"(0.24830215360269248, 0.4111333252707371, 0.2759863347000211)",9,1,A
2814.6152,3814.322,-1166.6764,-1375.5482,1746.75,1525.1349,-497.74792,9,"(0.24830215360269248, 0.4111333252707371, 0.2759863347000211)",9,2,C
-1831.0422,399.3363,-1698.5708,741.6451,-349.96356,-539.2969,-784.19476,9,"(0.24830215360269248, 0.4111333252707371, 0.2759863347000211)",9,3,G
-1365.4521,629.89734,-1605.4524,1088.5444,-259.0938,-213.74683,-1056.8298,9,"(0.24830215360269248, 0.4111333252707371, 0.2759863347000211)",9,4,D
2348.6787,3357.694,-174.18518,777.97125,2214.2898,-528.7622,-144.03976,9,"(0.24830215360269248, 0.4111333252707371, 0.2759863347000211)",9,5,C
-433.6781,1239.879,-381.98462,1441.2595,31.734642,-1998.6238,40.787323,9,"(0.24830215360269248, 0.4111333252707371, 0.2759863347000211)",9,6,G
-1729.6241,483.23914,-72.26648,1317.3728,-372.0966,-113.463745,-443.35718,9,"(0.24830215360269248, 0.4111333252707371, 0.2759863347000211)",9,7,A
-1491.1008,552.80554,177.00635,1795.4211,150.02199,-799.1492,-1161.0503,9,"(0.24830215360269248, 0.4111333252707371, 0.2759863347000211)",9,8,S
2089.7021,2167.9888,2684.5269,1119.8604,-2191.8953,-1618.5142,1670.5298,9,"(0.24830215360269248, 0.4111333252707371, 0.2759863347000211)",9,9,F
-1553.745,141.16632,769.1334,1375.387,7.1346664,49.780823,13.549805,9,"(0.24830215360269248, 0.4111333252707371, 0.2759863347000211)",9,10,T
-566.9208,164.77954,2035.2596,271.47766,-25.805359,1752.1802,-544.6356,9,"(0.24830215360269248, 0.4111333252707371, 0.2759863347000211)",9,11,R
-1305.885,-287.0581,1023.5028,1046.4148,150.01959,181.43793,-989.2177,9,"(0.24830215360269248, 0.4111333252707371, 0.2759863347000211)",9,12,K
-1336.7051,-430.1957,1730.0648,934.3405,265.5795,1074.4017,-142.89142,9,"(0.24830215360269248, 0.4111333252707371, 0.2759863347000211)",9,13,S
-833.45685,-1151.9021,1505.0028,427.7713,425.28885,1493.7225,88.6019,9,"(0.24830215360269248, 0.4111333252707371, 0.2759863347000211)",9,14,D
2229.2095,689.4712,3025.6348,-3204.2446,-1304.1946,-1611.729,-1228.4939,9,"(0.24830215360269248, 0.4111333252707371, 0.2759863347000211)",9,15,L
-1698.2778,-1042.7239,470.5243,-949.53723,313.5617,-311.2528,-501.6435,9,"(0.24830215360269248, 0.4111333252707371, 0.2759863347000211)",9,16,M
-1523.6206,-1469.2051,954.9791,-819.3524,735.6377,1365.2769,-98.30014,9,"(0.24830215360269248, 0.4111333252707371, 0.2759863347000211)",9,17,Q
7415.5376,-4016.6719,-1050.317,1619.1091,-52.402435,364.13666,-656.965,9,"(0.24830215360269248, 0.4111333252707371, 0.2759863347000211)",9,18,H
-808.18207,-1356.3076,181.1001,-1456.9624,-90.17357,-914.53284,-2825.1475,9,"(0.24830215360269248, 0.4111333252707371, 0.2759863347000211)",9,19,Q
-871.1774,-1064.5771,-300.72412,-978.528,441.87213,80.74133,-320.65564,9,"(0.24830215360269248, 0.4111333252707371, 0.2759863347000211)",9,20,R
-829.4559,-1151.9957,-487.74146,-1419.7559,457.8048,-176.93787,352.42813,9,"(0.24830215360269248, 0.4111333252707371, 0.2759863347000211)",9,21,I
3403.626,-2308.9238,-1491.2944,-142.44296,-115.030396,-402.3579,446.13275,9,"(0.24830215360269248, 0.4111333252707371, 0.2759863347000211)",9,22,H
